,ci_rsfes,ci_rsfl,ci_rsfls,ci_coxlasso,ci_coxridge,,ibs_rsfes,ibs_rsfl,ibs_rsfls,ibs_coxlasso,ibs_coxridge
1,0.668448971,0.592700998,0.667741297,0.708120282,NA,,0.136435506,0.234213768,0.142703761,0.124022535,NA
2,0.632438964,0.564639488,0.63207327,0.705634501,NA,,0.100788928,0.255750278,0.143145167,0.095572445,NA
3,0.609013081,0.548113143,0.672981303,0.711438213,0.541045134,,0.121370542,0.281398591,0.157327057,0.095732868,0.108606067
4,0.657693233,0.583953692,0.643380792,0.703135234,0.557006991,,0.100776125,0.219634151,0.136867086,0.101455261,0.11090881
5,0.664696999,0.586285262,0.651560026,0.712668353,0.536273532,,0.099924889,0.237270724,0.134121238,0.091508935,0.1020978
6,0.633717541,0.555615908,0.670596964,0.692020761,NA,,0.119639996,0.274407142,0.157022971,0.112194052,NA
7,0.639369284,0.574245601,0.649287401,0.682884656,0.507762945,,0.105482537,0.269876742,0.14415398,0.104264043,0.109943723
8,0.62476865,0.565374526,0.67908773,0.716045778,NA,,0.130079338,0.231293448,0.137945213,0.119159346,NA
9,0.590930335,0.575375607,0.671088262,0.71668095,0.533739295,,0.117675865,0.266956287,0.143087375,0.100276609,0.115141278
10,0.587806289,0.55199605,0.631499506,0.687101888,0.536775286,,0.10450639,0.236073359,0.146009996,0.100075726,0.108356717
11,0.64464599,0.586323916,0.674372897,0.7071122,0.596985379,,0.137244479,0.23704255,0.141872589,0.124395125,0.13777372
12,0.62832466,0.561508781,0.634819504,0.706202948,0.56454337,,0.100568648,0.25396286,0.144800199,0.095868306,0.10912814
13,0.624160172,0.564872048,0.637328675,0.708465403,0.530278599,,0.09779822,0.233251878,0.131141743,0.103838975,0.111191446
14,0.642464146,0.564081505,0.694186971,0.710860884,NA,,0.131501581,0.257830124,0.159403976,0.110461628,NA
15,0.61320859,0.584304133,0.630916352,0.698203143,0.524384008,,0.107638339,0.243941493,0.148786439,0.093618956,0.100058529
16,0.651333146,0.568844799,0.703082687,0.712567183,0.568002919,,0.110403373,0.253744102,0.139294022,0.105505932,0.121081038
17,0.61694035,0.550698072,0.630770171,0.693597235,0.548345706,,0.107642282,0.251649626,0.145368934,0.092351939,0.094630804
18,0.642420366,0.571516291,0.6791777,0.711818555,0.533637794,,0.113000727,0.249945734,0.137371643,0.11402841,0.1264076
19,0.607227464,0.574843087,0.644660948,0.671478388,NA,,0.114096877,0.277454918,0.143951206,0.112741,NA
20,0.604016134,0.561214126,0.683729433,0.72156076,0.53435768,,0.102486498,0.231763888,0.138857664,0.091889939,0.099209161
21,0.624896995,0.546041249,0.67077692,0.709569543,NA,,0.105299671,0.251660412,0.147388726,0.088967511,NA
22,0.642912624,0.575534184,0.649183013,0.70887372,0.497592114,,0.111664732,0.242776914,0.132240085,0.108737607,0.119927019
23,0.590301113,0.535802534,0.659323563,0.740310708,0.560276641,,0.113267991,0.251308438,0.140505069,0.107865942,0.119115925
24,0.637416282,0.596824121,0.64790011,0.701631424,0.498690359,,0.104340121,0.238699488,0.144079329,0.090558934,0.101632593
25,0.634111538,0.585874634,0.650367036,0.716015516,0.507053856,,0.100868695,0.244067334,0.124240504,0.100347503,0.114623316
26,0.589297474,0.548500533,0.693429215,0.689712719,0.518445349,,0.131731803,0.238635142,0.156210115,0.116735878,0.127150538
27,0.601071424,0.550683065,0.660117621,0.683678831,NA,,0.127462506,0.306884087,0.172452852,0.108045617,NA
28,0.643387595,0.60225163,0.659968216,0.717719147,0.494705105,,0.09756272,0.201083978,0.127809057,0.094563562,0.109213351
29,0.565968378,0.551966935,0.663133811,0.71680958,0.515373828,,0.120127911,0.270827006,0.146048498,0.102268114,0.115290761
30,0.642357129,0.580679601,0.648336585,0.694945346,0.515711499,,0.098234519,0.232612169,0.137868631,0.092828027,0.104095919
31,0.665149924,0.564147064,0.698405985,0.721696598,0.562149076,,0.117506251,0.22503661,0.135801553,0.110383346,0.128176517
32,0.599976039,0.550157074,0.631955167,0.672265995,0.523454555,,0.107922021,0.284306403,0.15348864,0.103300549,0.105020496
33,0.665010773,0.575652382,0.675739167,0.703206585,0.50724204,,0.112367695,0.262360056,0.136927907,0.108699276,0.121236161
34,0.66825273,0.556251788,0.658420218,0.701113922,NA,,0.107420299,0.222203592,0.145712463,0.092169309,NA
35,0.662471283,0.555469454,0.659180568,0.73915808,0.538463706,,0.113036673,0.273355545,0.145057665,0.098712168,0.112843065
36,0.634832852,0.585409473,0.660783316,0.705544828,0.554896755,,0.104309734,0.229609697,0.143551321,0.097356214,0.10549034
37,0.622369741,0.578851889,0.642551846,0.709535621,NA,,0.107949033,0.245036126,0.146456625,0.090551832,NA
38,0.620152525,0.562761654,0.686071917,0.701320528,0.52605613,,0.111392362,0.255486315,0.135634876,0.107388913,0.119556739
39,0.682553191,0.572382979,0.65551773,0.702348312,0.523375887,,0.102392407,0.285718101,0.143398051,0.090131472,0.097119367
40,0.631580387,0.544199273,0.652817652,0.72006938,NA,,0.144016316,0.23930081,0.143726822,0.125749124,NA
41,0.653651965,0.560966358,0.653416523,0.696204864,0.537801496,,0.114671436,0.259568311,0.141955008,0.104894167,0.121060132
42,0.656099201,0.575684236,0.669624716,0.720957708,NA,,0.108553287,0.226916202,0.137217793,0.09236122,NA
43,0.638640254,0.558180645,0.668719661,0.689060876,0.561154915,,0.125106058,0.232217216,0.14731663,0.12521951,0.129333301
44,0.658807768,0.564339479,0.649029763,0.722936443,0.525046613,,0.101903301,0.271106249,0.136705131,0.09378961,0.107361974
45,0.638787062,0.560564405,0.681396728,0.727719166,NA,,0.117111289,0.287992715,0.157660046,0.099114962,NA
46,0.650894478,0.554315262,0.639554647,0.681271839,0.518782048,,0.102032662,0.222283278,0.134791203,0.096869565,0.107177246
47,0.625181119,0.558742808,0.670809011,0.697060261,NA,,0.114845479,0.281954135,0.153466684,0.086379653,NA
48,0.635759841,0.583223332,0.651071989,0.70371786,0.531840098,,0.140182549,0.236761732,0.140051634,0.131929638,0.147535227
49,0.643227443,0.557320318,0.675021715,0.695169867,0.563772732,,0.105543276,0.220462579,0.138000103,0.096706441,0.106630668
50,0.697804133,0.576263786,0.656478443,0.734159209,0.530459033,,0.112278571,0.280383626,0.147204489,0.102133577,0.112760031
51,0.665175242,0.58391925,0.654335784,0.694669316,0.52123948,,0.123143382,0.257728274,0.142687323,0.106488211,0.122873949
52,0.615330705,0.564122405,0.665430549,0.720278799,0.557859083,,0.100085015,0.252815608,0.139383136,0.09042279,0.099410893
53,0.620425913,0.550461409,0.682144855,0.759355872,NA,,0.110701172,0.265028245,0.14136138,0.103551518,NA
54,0.64923,0.592207395,0.636974603,0.693172021,0.545773914,,0.112161797,0.211023322,0.14212876,0.103026803,0.107742498
55,0.639157435,0.564256473,0.677154791,0.716373156,0.511700597,,0.125523087,0.243547418,0.141720373,0.115439456,0.131791959
56,0.650984514,0.57343461,0.648522899,0.695490149,0.54010875,,0.102585382,0.264713195,0.148535384,0.100797339,0.101807509
57,0.619589526,0.548686091,0.653798803,0.714002268,0.502511781,,0.106939853,0.25488356,0.149744046,0.082331748,0.095520749
58,0.61395202,0.565510333,0.655871779,0.686564898,0.519279853,,0.111334938,0.243780598,0.135530012,0.122155029,0.124409692
59,0.6020417,0.555914926,0.666199807,0.714839288,NA,,0.103962404,0.258506226,0.134539558,0.097335126,NA
60,0.596147655,0.575188121,0.654634958,0.691056801,0.47254973,,0.123780073,0.249906337,0.148525245,0.111360778,0.126754813
61,0.644483816,0.577717206,0.645887564,0.731571675,0.509669506,,0.105078643,0.240982687,0.138106462,0.093538317,0.102817955
62,0.603572905,0.532784899,0.658749055,0.674116254,0.52042373,,0.113077692,0.256467833,0.145108028,0.118627754,0.117412016
63,0.61589911,0.558805754,0.676712734,0.699963568,0.561827632,,0.104517135,0.25670182,0.143846117,0.10289385,0.109588993
64,0.66706689,0.583124792,0.645904153,0.701952887,NA,,0.118774068,0.241652511,0.138626755,0.106596449,NA
65,0.610478597,0.561433447,0.644973035,0.687596393,0.515254149,,0.108681394,0.250541372,0.154218366,0.099921237,0.10457767
66,0.640377139,0.57386059,0.672803098,0.693476077,0.543625261,,0.110636299,0.250892312,0.133327622,0.100700115,0.117298205
67,0.641189656,0.562624716,0.62844764,0.702037503,0.523357844,,0.128592169,0.243434616,0.141997161,0.1143297,0.127984458
68,0.647244876,0.574820236,0.68362904,0.71598443,NA,,0.106012979,0.258599045,0.138180128,0.098025804,NA
69,0.640468629,0.54301269,0.649613706,0.717807669,0.517700119,,0.102048941,0.227989502,0.144080896,0.089309236,0.103859804
70,0.665682152,0.587607117,0.663509522,0.698218882,0.553242256,,0.115863077,0.274945178,0.148317331,0.10608338,0.115194388
71,0.665556546,0.599690687,0.634356016,0.680124527,0.533648219,,0.102704235,0.219366915,0.137060683,0.096378957,0.101259902
72,0.62621366,0.547417396,0.689056667,0.710788364,0.573953864,,0.113458026,0.2596095,0.148513547,0.101370843,0.118359598
73,0.629727647,0.610897035,0.649677917,0.700260807,0.48822905,,0.104875098,0.21609291,0.136119867,0.095864662,0.104308394
74,0.599983965,0.52525455,0.670274459,0.697146224,0.535089126,,0.114331972,0.283619898,0.149805303,0.109100795,0.11964882
75,0.609439755,0.543026298,0.664739089,0.697976718,NA,,0.104696688,0.243294732,0.142199463,0.095589615,NA
76,0.691704336,0.582118767,0.658893442,0.720615619,0.500978694,,0.111137675,0.244840181,0.137295138,0.096383133,0.11087565
77,0.681188972,0.592647904,0.665996554,0.697536903,0.465565767,,0.112023763,0.248076081,0.133840263,0.109309521,0.121154284
78,0.589229145,0.533185332,0.648640234,0.676794794,0.515425121,,0.106421207,0.257316157,0.152350619,0.099022216,0.10059556
79,0.640038801,0.537199749,0.684829121,0.723819727,NA,,0.102626753,0.275186344,0.150364854,0.094197738,NA
80,0.635339113,0.592478665,0.639395135,0.672702975,0.513372623,,0.121817997,0.223906783,0.13687601,0.122352191,0.12711067
81,0.65297864,0.585188002,0.657523458,0.683288007,0.477628559,,0.10204868,0.252963897,0.14669796,0.113164747,0.106928179
82,0.61867782,0.531262491,0.666547707,0.718142999,0.531390967,,0.122886779,0.248600119,0.139240912,0.108645865,0.126244831
83,0.649592127,0.566340083,0.638449815,0.709945635,0.569083388,,0.103329781,0.226885308,0.138308665,0.100759546,0.111506963
84,0.681158258,0.57565873,0.675922089,0.695910193,0.530526851,,0.117176564,0.280294189,0.152326,0.098304251,0.109475465
85,0.621516977,0.538455481,0.663704851,0.71479292,0.545910332,,0.112862551,0.276230612,0.152057718,0.108164054,0.115623325
86,0.670875371,0.598388748,0.670004896,0.716288464,0.503048916,,0.104881809,0.215103126,0.132650462,0.09670593,0.10408897
87,0.68697606,0.579402412,0.661064831,0.725918583,0.485401939,,0.128286181,0.244993219,0.149528615,0.112249694,0.127966238
88,0.576715509,0.540756731,0.641920364,0.700998104,NA,,0.102691967,0.251512889,0.133171924,0.102398728,NA
89,0.671679032,0.579355284,0.663388674,0.697417859,0.490146116,,0.10608127,0.284543297,0.156240924,0.098333629,0.099534606
90,0.629142364,0.536172141,0.661725796,0.693625217,NA,,0.137908784,0.221362053,0.137142626,0.133463994,NA
91,0.652227034,0.574878506,0.639874569,0.694508134,0.490565525,,0.119222734,0.295578946,0.151306046,0.099591258,0.106900658
92,0.607072071,0.561959613,0.679358286,0.715146807,0.521084078,,0.103943855,0.215112324,0.136045813,0.102615748,0.113371301
93,0.666891966,0.595260428,0.654146436,0.722647043,0.516911278,,0.123936539,0.284989598,0.153982826,0.101309012,0.108576117
94,0.598702085,0.544575362,0.649985219,0.704682194,0.531314667,,0.100049946,0.222904566,0.135923259,0.100610599,0.11241545
95,0.661272589,0.566468855,0.674541533,0.699423924,0.530186206,,0.1143433,0.247638397,0.133787767,0.108907195,0.115756036
96,0.623828427,0.559122297,0.644714898,0.710184505,0.550039282,,0.105556765,0.263269657,0.150405837,0.087253963,0.10006674
97,0.623263406,0.548478522,0.633883722,0.68613889,NA,,0.114672645,0.280793395,0.158765829,0.102971977,NA
98,0.637484129,0.593375966,0.694981652,0.719547492,0.509452952,,0.113561468,0.219846661,0.126833985,0.108294603,0.124804124
99,0.648043615,0.578150065,0.643822894,0.691237931,NA,,0.128832244,0.233283418,0.14551928,0.119491533,NA
100,0.663893675,0.567286867,0.671851414,0.71164082,0.529287261,,0.099503898,0.25381656,0.139461841,0.099440382,0.10937104
1,0.626586742,0.518335684,0.639633286,NA,0.654795487,,0.159492434,0.175826486,0.168966553,NA,0.166535235
2,0.55942029,0.563405797,0.555797101,0.491666667,0.571376812,,0.148994836,0.182028549,0.162360927,0.196758984,0.180803715
3,0.614173228,0.588839439,0.576172544,0.547757617,0.613488531,,0.151846941,0.165247525,0.167557266,0.186345316,0.166752933
4,0.610486891,0.530337079,0.599625468,NA,0.595505618,,0.153448015,0.173815554,0.163231048,NA,0.175588364
5,0.602380952,0.55952381,0.622619048,0.570634921,0.63968254,,0.148494124,0.166386359,0.155168,0.16408249,0.157512097
6,0.668625531,0.599085864,0.586679726,NA,0.702252693,,0.160562919,0.165750072,0.174681519,NA,0.163031697
7,0.62698987,0.586107091,0.598408104,0.539797395,0.619030391,,0.151536287,0.1626918,0.156288934,0.173554038,0.164133497
8,0.60456942,0.573286467,0.582073814,0.533567663,0.608084359,,0.149854343,0.174247293,0.174670196,0.177919931,0.171973207
9,0.597669903,0.579805825,0.577864078,0.553009709,0.603106796,,0.152009335,0.168021954,0.162055466,0.17689517,0.171887349
10,0.59509609,0.531146455,0.611000663,0.492710404,0.626905235,,0.15477238,0.171356418,0.164590485,0.19331566,0.166833613
11,0.579689704,0.531734838,0.654442877,NA,0.650916784,,0.161818541,0.174387886,0.168628416,NA,0.167119013
12,0.550362319,0.562681159,0.562681159,0.492753623,0.57826087,,0.151332984,0.184921848,0.16261804,0.198955823,0.184283246
13,0.657367668,0.595493562,0.632689557,0.494277539,0.660586552,,0.147408129,0.168176383,0.16543225,0.177211436,0.164687629
14,0.651245552,0.569039146,0.598576512,NA,0.678647687,,0.153878025,0.169315247,0.168391927,NA,0.161561355
15,0.631557869,0.555066079,0.607929515,NA,0.651181418,,0.143216288,0.173804459,0.157722227,NA,0.154964845
16,0.68845034,0.590100291,0.574571336,NA,0.659010029,,0.155834773,0.168923708,0.179009011,NA,0.166492293
17,0.647220047,0.552075176,0.580657792,NA,0.662881754,,0.132852126,0.164604815,0.147701322,NA,0.153774425
18,0.64883492,0.604200853,0.652445028,0.568427962,0.661306203,,0.172973417,0.18116786,0.19042568,0.181664212,0.170606875
19,0.630733945,0.588302752,0.654051988,0.487003058,0.664373089,,0.139834341,0.165163438,0.15596173,0.184182338,0.158352134
20,0.584141853,0.566410171,0.579458013,0.591502175,0.62596186,,0.165798167,0.169684184,0.170319757,0.175793692,0.172347297
21,0.637843337,0.603255341,0.559172601,NA,0.626992201,,0.165069199,0.18631599,0.198069533,NA,0.17539369
22,0.603766478,0.552919021,0.55480226,NA,0.604519774,,0.145177857,0.166216357,0.149771107,NA,0.161437639
23,0.66331484,0.5759362,0.595353675,NA,0.691054092,,0.148990838,0.171760522,0.172645944,NA,0.16179796
24,0.646193453,0.611989702,0.606105186,0.506803972,0.669363737,,0.151804127,0.162404738,0.157330706,0.179842888,0.161225738
25,0.609479044,0.517430474,0.630238935,0.545240893,0.623580102,,0.141693247,0.166319598,0.143470216,0.170031593,0.161621179
26,0.612204724,0.587270341,0.560367454,0.594160105,0.62335958,,0.172221793,0.185590991,0.196476292,0.179246345,0.173743059
27,0.5934849,0.574143196,0.636918901,NA,0.604682728,,0.168332707,0.176300726,0.182769769,NA,0.175033706
28,0.593797277,0.604387292,0.519288956,0.454992436,0.624432678,,0.138873604,0.16221337,0.154498474,0.176830978,0.163202252
29,0.681718864,0.558630736,0.605243991,NA,0.698106336,,0.141673528,0.166914966,0.163711703,NA,0.156880811
30,0.63115613,0.589591338,0.591687042,NA,0.65316102,,0.156281976,0.163869988,0.164068153,NA,0.162971741
31,0.590535656,0.569503779,0.564903056,0.532697995,0.612553401,,0.160412314,0.170018395,0.172336422,0.177783069,0.170604923
32,0.679289941,0.620907298,0.581459566,NA,0.691518738,,0.15085288,0.166840289,0.164450179,NA,0.16326921
33,0.622157007,0.583639032,0.545121056,0.570799707,0.629860602,,0.141523293,0.163090601,0.155802236,0.169048469,0.160183975
34,0.682611732,0.603351955,0.626047486,NA,0.67527933,,0.154931576,0.170631936,0.176477256,NA,0.164505752
35,0.668930997,0.614229532,0.553450125,NA,0.679656775,,0.148205357,0.158602025,0.158258448,NA,0.160106397
36,0.62553495,0.554564907,0.594151213,NA,NA,,0.146259396,0.177121446,0.169596322,NA,NA
37,0.572481572,0.548730549,0.531531532,0.457821458,0.5999181,,0.158686251,0.168856331,0.157439366,0.179124987,0.166339144
38,0.653503185,0.615286624,0.634076433,NA,NA,,0.161975781,0.168799706,0.179991231,NA,NA
39,0.621001391,0.577190542,0.579972184,0.58240612,0.625869263,,0.145543551,0.163369303,0.15847925,0.171878626,0.167213443
40,0.69047619,0.617948718,0.593772894,0.483150183,0.727472527,,0.151747923,0.161679649,0.167548348,0.181867432,0.162150941
41,0.635135135,0.574141709,0.640248356,0.61504748,0.648283419,,0.14277446,0.16042051,0.1615348,0.170044583,0.156271194
42,0.671532847,0.602363573,0.592631213,0.579770594,0.661452902,,0.1548028,0.169365281,0.16551607,0.197692762,0.174304792
43,0.65767285,0.534991568,0.571669477,NA,0.642917369,,0.15397023,0.167459402,0.149575233,NA,0.157720052
44,0.631000941,0.609664261,0.523062441,0.581424537,0.635393787,,0.173595624,0.176657796,0.195724658,0.175246379,0.164267216
45,0.683865684,0.646191646,0.606060606,NA,NA,,0.149859495,0.16593863,0.152587884,NA,NA
46,0.647021344,0.572156738,0.638738452,0.560050972,0.659445683,,0.164333702,0.177183628,0.186198436,0.177905407,0.163723294
47,0.587783595,0.541710297,0.546247818,0.553577661,0.587085515,,0.164357795,0.18178995,0.18568345,0.195758094,0.178765895
48,0.541103398,0.598465473,0.572890026,0.602119109,0.544026306,,0.148162507,0.166373071,0.150559137,0.159396427,0.167262378
49,0.631127013,0.592844365,0.574239714,0.523792487,0.655813953,,0.145379516,0.161689752,0.165086422,0.175152419,0.160082705
50,0.581013562,0.554246966,0.578515346,0.544610992,0.616702355,,0.160401586,0.174506445,0.163374763,0.185025211,0.178838971
51,0.540836264,0.505666276,0.537710043,0.560375147,0.552950371,,0.151134206,0.182807331,0.161381139,0.173432198,0.182861238
52,0.593142104,0.623475107,0.523244313,NA,NA,,0.164524614,0.160588031,0.172387738,NA,NA
53,0.638226528,0.576751118,0.635245902,0.558867362,0.644560358,,0.138959712,0.157868987,0.149287542,0.172651373,0.157640529
54,0.684678523,0.614227086,0.61627907,NA,0.70622435,,0.1586596,0.173651525,0.177951157,NA,0.161252793
55,0.615631263,0.626853707,0.60761523,0.591182365,0.630861723,,0.13907666,0.165507008,0.157575133,0.166374517,0.159813246
56,0.630610268,0.583144979,0.63803681,NA,0.646432031,,0.175965143,0.166697669,0.172974997,NA,0.17097404
57,0.635235732,0.587779156,0.586848635,0.523573201,0.668114144,,0.189069147,0.191028406,0.20900436,0.193058391,0.16669323
58,0.676038062,0.567474048,0.664359862,0.620943315,0.687716263,,0.132128925,0.173765509,0.150713011,0.15526452,0.145571074
59,0.553662692,0.567972743,0.516524702,0.51890971,0.523679727,,0.159039426,0.171522558,0.175665186,0.180749826,0.185614781
60,0.522097378,0.486891386,0.545318352,0.543071161,0.557303371,,0.16527142,0.184354723,0.156082875,0.209156573,0.198090146
61,0.593330245,0.575266327,0.525706346,0.615562761,0.5942566,,0.136399367,0.175177224,0.155698109,0.153603498,0.146422176
62,0.629420505,0.548291233,0.567013373,0.518573551,0.617830609,,0.205144833,0.201771724,0.221268956,0.191998069,0.183691717
63,0.589285714,0.602484472,0.526785714,0.545031056,NA,,0.166640532,0.152731626,0.151146453,0.187652872,NA
64,0.578005962,0.531632991,0.569725075,0.596886386,0.586949321,,0.167630468,0.188671261,0.186811007,0.172872576,0.175284691
65,0.598407281,0.585513841,0.631778536,0.646188851,0.650360258,,0.164283519,0.16903074,0.169776018,0.171783745,0.169197585
66,0.593908629,0.591201354,0.568527919,0.577326565,0.638240271,,0.149574656,0.160670815,0.159824961,0.166794967,0.159181936
67,0.613106257,0.5712699,0.686042207,0.536097742,0.62828582,,0.144606928,0.172663709,0.168649022,0.18648182,0.160393499
68,0.625429553,0.589347079,0.550859107,0.559793814,0.620962199,,0.16221363,0.163319517,0.163009195,0.190347828,0.176249027
69,0.636729762,0.589609344,0.612162706,0.565445026,0.62867499,,0.131940938,0.154969242,0.148494166,0.166076492,0.159445195
70,0.615037109,0.542755728,0.602775089,NA,0.633430139,,0.177757138,0.183882745,0.186673364,NA,0.18023602
71,0.658939234,0.58517738,0.67088163,NA,0.666666667,,0.140090856,0.164904635,0.154528585,NA,0.155449546
72,0.619481941,0.529733674,0.600145932,NA,0.643925575,,0.155134177,0.183763498,0.172903758,NA,0.169445485
73,0.637562366,0.537776194,0.624732716,NA,0.641838917,,0.144062135,0.173704693,0.161899151,NA,0.160270228
74,0.655960029,0.640970735,0.579229122,NA,0.650249822,,0.157178283,0.15943352,0.165027854,NA,0.166904497
75,0.607869742,0.594301221,0.607530529,NA,0.635006784,,0.173518825,0.178366764,0.186277155,NA,0.173201546
76,0.573474002,0.537302185,0.579879427,0.57535795,0.604370761,,0.145136254,0.16154915,0.147773692,0.174743969,0.168832777
77,0.642247511,0.596728307,0.611664296,0.561522048,0.640113798,,0.154037221,0.166037539,0.165549252,0.175692587,0.165527361
78,0.622986037,0.54887218,0.61188686,NA,0.627998568,,0.144221076,0.172894395,0.165417413,NA,0.167854387
79,0.655726496,0.665299145,0.564444444,NA,0.612649573,,0.153593178,0.159153614,0.173584721,NA,0.170932286
80,0.557634731,0.503368263,0.555389222,0.497005988,0.5625,,0.157754067,0.176365607,0.160115029,0.207442073,0.182371846
81,0.645595855,0.624870466,0.666321244,0.490846287,0.625561313,,0.15071381,0.165357534,0.173294226,0.181197293,0.167528151
82,0.585086748,0.547803618,0.535991141,0.568106312,0.603543743,,0.157280828,0.178550211,0.157003727,0.193209263,0.186869313
83,0.627935723,0.537288834,0.531108364,0.506798517,0.650185414,,0.148285433,0.172754625,0.152145853,0.172640731,0.156843121
84,0.639240506,0.621835443,0.625632911,NA,0.680063291,,0.163076494,0.176909376,0.189473978,NA,0.161959283
85,0.618258724,0.589002467,0.582305252,NA,0.627070849,,0.163881708,0.175036081,0.174850043,NA,0.177940023
86,0.650977552,0.59051412,0.577842143,0.602099928,0.63070239,,0.139488444,0.163539173,0.154737345,0.164882881,0.161047914
87,0.616210599,0.581918947,0.568756495,NA,0.614825078,,0.166027073,0.179925684,0.179034332,NA,0.176467884
88,0.587196468,0.543782193,0.552980132,0.506622517,0.582413539,,0.145007488,0.165797729,0.159736422,0.17152275,0.170899417
89,0.649371576,0.549468257,0.577183371,NA,NA,,0.175991761,0.177972209,0.183679208,NA,NA
90,0.602667745,0.551738076,0.550929669,0.538399353,0.602263541,,0.139459022,0.165014566,0.152156956,0.172839425,0.162123323
91,0.647099687,0.566516151,0.539423411,NA,0.656825287,,0.152778248,0.173211209,0.173843558,NA,0.168559786
92,0.634361233,0.575624082,0.604258443,0.625183554,0.648678414,,0.147623548,0.165345629,0.156281615,0.17100601,0.160803788
93,0.569974555,0.600508906,0.577244638,0.540167212,0.584151218,,0.162970371,0.165611095,0.168683951,0.185401228,0.186225735
94,0.568977591,0.503151261,0.556372549,0.534313725,0.592436975,,0.150417424,0.175381501,0.164942214,0.177963206,0.173703879
95,0.669349195,0.599370189,0.646256123,0.579776067,0.694191742,,0.157719444,0.157929811,0.157965083,0.174683768,0.163330107
96,0.634573304,0.604668125,0.558716265,0.607585704,0.657549234,,0.138928456,0.168917103,0.165083368,0.173828505,0.162452824
97,0.585305546,0.520664076,0.562698693,0.525609325,0.581419993,,0.15207885,0.174104439,0.162769995,0.185764053,0.173941819
98,0.648970748,0.561574576,0.572408812,0.497291441,0.628024558,,0.143184854,0.171283711,0.168179072,0.177803877,0.165776795
99,0.61918929,0.63555225,0.555596876,0.568984753,0.647452585,,0.155903168,0.158418423,0.155104181,0.176541199,0.15952633
100,0.623626374,0.545673077,0.591002747,NA,0.664148352,,0.154893038,0.183781967,0.183171477,NA,0.160234395
1,0.549634723,0.524709927,0.533304684,NA,0.58831113,,0.209326524,0.152406081,0.157252276,NA,0.182621017
2,0.548797095,0.521561507,0.524285066,0.447571493,0.586019065,,0.153778628,0.139329177,0.132171374,0.149796749,0.143418182
3,0.485603113,0.519455253,0.515564202,0.483268482,0.495719844,,0.16702429,0.1754817,0.183390398,0.185722646,0.192929541
4,0.565128205,0.484102564,0.602051282,0.554871795,0.528205128,,0.238821302,0.154083828,0.13902529,0.185599018,0.206493174
5,0.553473492,0.56261426,0.495886654,NA,0.575868373,,0.126732902,0.145752596,0.149692234,NA,0.156042615
6,0.559777968,0.483347566,0.551665243,0.642186166,0.596925705,,0.200252273,0.167268441,0.159951705,0.184085596,0.180569049
7,0.604413348,0.515608181,0.475780409,NA,NA,,0.285199034,0.159970641,0.134833328,NA,NA
8,0.623565417,0.531752104,0.557000765,0.545906656,0.619739862,,0.172044349,0.206230572,0.2250498,0.131729471,0.129429471
9,0.521517997,0.516431925,0.516431925,NA,0.5614241,,0.189438235,0.173099243,0.186351471,NA,0.175093284
10,0.577335375,0.517611026,0.603369066,0.615620214,0.579377233,,0.221982676,0.156550987,0.139942249,0.194883023,0.207421637
11,0.549634723,0.524709927,0.533304684,NA,0.58831113,,0.209326524,0.152406081,0.157252276,NA,0.182621017
12,0.548797095,0.521561507,0.524285066,0.447571493,0.586019065,,0.153778628,0.139329177,0.132171374,0.149796749,0.143418182
13,0.50110538,0.516212233,0.488946205,0.444731024,0.486735446,,0.210297516,0.178116419,0.181614193,0.223356955,0.215044861
14,0.516219239,0.379194631,0.518456376,NA,0.500559284,,0.210425749,0.157151888,0.123770636,NA,0.150229017
15,0.547368421,0.525877193,0.450636244,NA,0.558333333,,0.167998635,0.15433197,0.156192719,NA,0.180508955
16,0.533392304,0.515701017,0.596638655,0.40645732,0.543564794,,0.190021877,0.160470925,0.156361349,0.192087392,0.182466489
17,0.585331453,0.511048425,0.560883874,0.65961448,0.580629995,,0.130752713,0.174317754,0.179990113,0.132640717,0.138462409
18,0.584858569,0.524958403,0.643094842,0.541597338,0.59359401,,0.253022508,0.162402025,0.160608808,0.225438846,0.216066778
19,0.579928952,0.495559503,0.61634103,0.510213144,0.603019538,,0.188738342,0.163487674,0.150765924,0.181518534,0.172926098
20,0.592429577,0.54181338,0.565140845,0.65625,NA,,0.157727289,0.149486549,0.153907151,0.156570617,NA
21,0.600488998,0.563325183,0.598533007,NA,0.628850856,,0.224314222,0.142571624,0.130971832,NA,0.185173364
22,0.618760064,0.482689211,0.577294686,0.651771337,0.615942029,,0.193910583,0.165937191,0.169211089,0.166987276,0.165865999
23,0.547478992,0.492436975,0.570168067,NA,0.562605042,,0.218504804,0.159363618,0.163421906,0,0.201264135
24,0.535947712,0.525676937,0.537815126,0.5,0.551820728,,0.184660865,0.161613353,0.154719785,0.17620887,0.177030077
25,0.60894597,0.494685562,0.596545616,NA,0.592559787,,0.154935573,0.153687061,0.148455397,NA,0.166960087
26,0.534150613,0.535901926,0.588003503,NA,0.581436077,,0.19372642,0.168661126,0.172803082,NA,0.182499079
27,0.562646645,0.488972313,0.594366197,NA,0.580947912,,0.17312166,0.152455847,0.145751691,NA,0.1591279
28,0.578705637,0.523173278,0.530271399,NA,NA,,0.198122925,0.16494925,0.164267447,NA,NA
29,0.582478295,0.570639305,0.510655091,NA,0.593922652,,0.212793056,0.158495395,0.165227014,NA,0.208449813
30,0.584545911,0.494229804,0.566984446,0.544405419,0.595584546,,0.196692963,0.161297881,0.150367975,0.172284336,0.17769937
31,0.591500434,0.554206418,0.55160451,0.560711188,NA,,0.215186988,0.158228881,0.156948388,0.193027959,0
32,0.594314079,0.495487365,0.575361011,NA,NA,,0.13242986,0.163566432,0.162377161,NA,0
33,0.585654008,0.4907173,0.601265823,0.467510549,NA,,0.190230137,0.161114544,0.159326923,0.19107337,0
34,0.612828796,0.532994924,0.558837102,0.669127826,0.609598523,,0.179783822,0.148954983,0.142349985,0.163525187,0.167968264
35,0.549019608,0.525210084,0.533146592,0.604575163,0.548085901,,0.147804178,0.146175721,0.142994445,0.153135204,0.15977703
36,0.513888889,0.49452862,0.550084175,0.452861953,0.529461279,,0.212721958,0.170523936,0.162270397,0.209491845,0.203491047
37,0.564299424,0.471209213,0.550863724,0.60940499,0.550383877,,0.132821021,0.178802449,0.16592976,0.134041122,0.153065087
38,0.503658537,0.523577236,0.533739837,NA,0.537804878,,0.223060312,0.158066351,0.161600209,NA,0.207095203
39,0.543946188,0.437219731,0.501345291,NA,0.647982063,,0.214667962,0.160502489,0.151177948,NA,0.17933353
40,0.528795812,0.539703316,0.567626527,0.626963351,0.564572426,,0.1412527,0.184821309,0.185353879,0.128489578,0.133281059
41,0.559158633,0.566608238,0.562226117,0.628834356,0.569675723,,0.195224982,0.159588258,0.157224832,0.180667686,0.206681405
42,0.56097561,0.494128275,0.506775068,0.426829268,NA,,0.17342644,0.156985479,0.15251603,0.181208358,0
43,0.571428571,0.503571429,0.611607143,0.582142857,0.579017857,,0.237349855,0.154086004,0.140034455,0.190668256,0.198869556
44,0.572739187,0.569681083,0.570117955,0.624726955,0.594582787,,0.144845288,0.206435003,0.21417684,0.12522134,0.131682165
45,0.613010446,0.515669516,0.559354226,NA,0.644824311,,0.20977244,0.156254497,0.143382593,NA,0.184763412
46,0.619384359,0.53327787,0.56530782,0.643926789,0.619800333,,0.183618535,0.171466177,0.173652454,0.166944787,0.175752862
47,0.547782875,0.561544343,0.453746177,0.59059633,0.572247706,,0.173874347,0.16391673,0.177730353,0.159228613,0.177251028
48,0.5758056,0.477020602,0.566825145,NA,0.569994717,,0.268440076,0.174435077,0.150876295,NA,0.18783447
49,0.552827707,0.462954844,0.583516002,NA,NA,,0.186474854,0.169370666,0.16229872,NA,0
50,0.580416482,0.547629597,0.530793088,0.550731059,0.581302614,,0.156276195,0.152764601,0.151637428,0.178805714,0.171783082
51,0.572083333,0.55875,0.60125,NA,NA,,0.228494978,0.176722286,0.183661624,NA,0
52,0.569821931,0.5,0.567947516,NA,0.576850984,,0.137399493,0.146439109,0.139966581,NA,0.143449292
53,0.598776224,0.513548951,0.594405594,0.64729021,0.593531469,,0.168788788,0.158446848,0.152561864,0.158232772,0.175304094
54,0.604424779,0.480088496,0.64380531,0.506637168,0.629646018,,0.192153684,0.158923653,0.152872897,0.18238718,0.176180039
55,0.504718917,0.540828888,0.551497743,0.569963069,0.548215018,,0.195162135,0.179061002,0.181112239,0.180321297,0.176618865
56,0.549640288,0.477218225,0.514628297,0.461390887,0.536690647,,0.180899726,0.164308053,0.142911824,0.168007781,0.18622493
57,0.611031859,0.587256301,0.512125535,0.610080837,0.604374703,,0.1824665,0.14267047,0.140779741,0.162541553,0.159352429
58,0.578034682,0.477704377,0.599504542,0.542939719,NA,,0.173919268,0.17456174,0.172023098,0.185448847,0
59,0.556839359,0.557584793,0.550503168,NA,0.555721208,,0.171757228,0.179924779,0.194133941,NA,0.150581775
60,0.590707965,0.456858407,0.524889381,NA,0.576327434,,0.271167571,0.166027381,0.135958554,NA,0.18475903
61,0.519097854,0.52018916,0.512550018,NA,NA,,0.207122049,0.187249475,0.202298066,NA,0
62,0.534097421,0.444126074,0.593123209,0.592550143,NA,,0.133337536,0.152651436,0.128435476,0.136727358,0
63,0.582363474,0.475380483,0.568039391,0.640107431,NA,,0.187003221,0.16466579,0.151278348,0.176864914,0
64,0.633434915,0.572921202,0.584675664,0.517196343,0.567696996,,0.137089073,0.150031695,0.159966144,0.175782961,0.169776866
65,0.50939759,0.500240964,0.557590361,0.613975904,0.538313253,,0.259307908,0.15477133,0.136019648,0.181278417,0.191137411
66,0.549652636,0.481405803,0.560686555,0.569268492,0.556599918,,0.172794362,0.188362675,0.188875651,0.188174635,0.16903086
67,0.571240684,0.481367821,0.564226217,NA,0.583077598,,0.258742178,0.168888989,0.162278443,NA,0.196841537
68,0.596968346,0.557735176,0.5679893,0.50468123,0.564422648,,0.14796503,0.150713476,0.148372772,0.148047637,0.143286539
69,0.63876652,0.556534508,0.664219285,NA,0.643661282,,0.149679217,0.156853914,0.140527448,NA,0.137876292
70,0.608538059,0.521949255,0.554973822,0.552154652,NA,,0.220551555,0.16210201,0.165287149,0.186202202,NA
71,0.603706973,0.500441306,0.57678729,NA,NA,,0.182775297,0.156103703,0.153526007,NA,NA
72,0.552619991,0.520915896,0.518273888,NA,NA,,0.150051467,0.169208844,0.161980851,NA,NA
73,0.583144369,0.549508692,0.584278156,NA,0.585034014,,0.193615283,0.163918514,0.168335499,NA,0.190282824
74,0.629355861,0.52375924,0.611404435,0.59345301,NA,,0.125950103,0.152443475,0.137426881,0.15118228,NA
75,0.532054518,0.511862696,0.521958607,0.599192327,0.544674407,,0.170125075,0.164177802,0.146940997,0.155381491,0.165888953
76,0.50334514,0.488783943,0.504525777,NA,NA,,0.235112475,0.172124234,0.177624338,NA,NA
77,0.439420544,0.500877963,0.478928885,0.464003512,0.459613696,,0.191979601,0.155330406,0.156259461,0.183304335,0.188832054
78,0.453173546,0.420328451,0.486018642,0.5042166,0.485574789,,0.185573594,0.176484199,0.159910711,0.188377339,0.199443001
79,0.570440795,0.474070873,0.611063094,0.579083838,NA,,0.198937838,0.172126469,0.165954839,0.188305572,NA
80,0.605132823,0.531742458,0.543448897,NA,0.611886538,,0.177445657,0.145223071,0.146406369,NA,0.162080956
81,0.588884348,0.484675112,0.59910094,0.633428688,NA,,0.179376831,0.174410835,0.175564662,0.180962683,NA
82,0.604506232,0.600191755,0.576222435,0.517737296,0.591083413,,0.198817565,0.139505618,0.137786822,0.174945218,0.17780688
83,0.564628821,0.479475983,0.55371179,0.554148472,0.558515284,,0.139448796,0.169382391,0.16321894,0.17000795,0.161550514
84,0.567603748,0.51762606,0.506916555,NA,0.552878179,,0.195006061,0.154107606,0.150968137,NA,0.183044721
85,0.608601216,0.489574283,0.599913119,NA,0.606863597,,0.197146837,0.150633753,0.150458552,NA,0.171180411
86,0.598382749,0.526954178,0.55705301,0.526954178,0.588499551,,0.220130483,0.15898914,0.148692092,0.235988317,0.213557862
87,0.54676259,0.524220624,0.634532374,0.567865707,0.536690647,,0.138737709,0.144264654,0.137482841,0.129936892,0.136857363
88,0.561638281,0.483373885,0.52027575,NA,0.534468775,,0.21428121,0.184931029,0.178099346,NA,0.223721089
89,0.569488456,0.497962879,0.638750566,0.601629697,0.591670439,,0.184859573,0.170890562,0.162898226,0.176545603,0.177533169
90,0.599054577,0.537602063,0.585302965,0.584013752,0.595616674,,0.151169726,0.154536624,0.156231014,0.166797125,0.172437166
91,0.536237956,0.500209468,0.527021366,0.65647256,0.580645161,,0.133863489,0.164614662,0.161334461,0.15242315,0.160465292
92,0.552963136,0.568362109,0.592160523,0.479234718,0.554829678,,0.244608455,0.157196204,0.149057008,0.205623794,0.20291211
93,0.576120728,0.501997337,0.55969818,0.612072792,0.594762539,,0.194474401,0.167354773,0.165213281,0.188959037,0.194684367
94,0.639215686,0.554684096,0.552505447,0.635729847,0.619172113,,0.178242658,0.154094048,0.152811932,0.165755477,0.174900511
95,0.570230608,0.503144654,0.585744235,0.54129979,NA,,0.145067722,0.162882553,0.164960303,0.188859208,NA
96,0.522086466,0.49906015,0.565789474,NA,0.577537594,,0.197809452,0.148714177,0.13572603,NA,0.175945376
97,0.619131198,0.537955244,0.57656867,NA,NA,,0.116803271,0.147873981,0.14938022,NA,NA
98,0.58591674,0.514171833,0.569973428,0.58680248,0.592116918,,0.2297835,0.155539951,0.147272814,0.186241134,0.193190553
99,0.565984757,0.561572403,0.540312876,0.658243081,0.557962294,,0.21233003,0.159667576,0.165079217,0.198531478,0.223353551
100,0.597831444,0.458846723,0.550024643,0.559388862,0.581074421,,0.183385704,0.148479653,0.132566627,0.158231279,0.160764309
